blockNumber,timeStamp,hash,nonce,blockHash,transactionIndex,from,to,value,gas,gasPrice,isError,txreceipt_status,contractAddress,gasUsed,tx_type,weiSpentOnGas
13148708,1630617931,0xc6c20456c027717ae6ed6d4b946b9bbcaa10ea4824d296de4d899cca118dde80,373,0xfb78f39038711961870607262cdc40ca5900287451f7ea05b66a152f91f95a84,300,0xBedf3Cf16ba1FcE6c3B751903Cf77E51d51E05b8,0x95730d3e374b5e1f5b550af059af86d23fea79e3,0,441771,85000000000,0,1,,262816,transaction,2.233936e+16
13148724,1630618087,0x3ce424b65a34883277e9ae6122629ccfe04de7d1421cc38a488c066e9d120986,374,0x5df78a072becdc189f697f9ea4430c73d1547f08a491be737bbfabcf9ff4227a,75,0xBedf3Cf16ba1FcE6c3B751903Cf77E51d51E05b8,0x16388463d60ffe0661cf7f1f31a7d658ac790ff7,0,6000000,79510132629,0,1,,2885342,transaction,2.2941392510002413e+17
13153745,1630685379,0xe023c330455c2be0ee61a00ddb542bc27bc5739cdc4fb8485c6935b3f1789b76,375,0xdf080a0452cba6fe37bc59eddd446ca909a8e8a1d02ab555c3cffb4d234cda08,186,0xBedf3Cf16ba1FcE6c3B751903Cf77E51d51E05b8,0xd9e1ce17f2641f24ae83637ab66a2cca9c378b9f,10000000000000000,161776,165009299673,0,1,,120050,transaction,1.980936642574365e+16
13153942,1630688122,0x2364f49d18fbab43c1f5028e205dc05cc4ac5eb5fe196c4083c7fd3f1a0b032d,376,0x851eeb6df767df9476d7de5bbac17680c2cda41df7cf0ea6796cdaf857164df3,19,0xBedf3Cf16ba1FcE6c3B751903Cf77E51d51E05b8,0x6b175474e89094c44da98b954eedeac495271d0f,0,69687,172145368329,0,1,,46458,transaction,7997529521828682.0
13153942,1630688122,0xab18210e0ee0f0e9db1427c1e6a9bbd80ae8ad1c629c0456320447ac4a69beed,377,0x851eeb6df767df9476d7de5bbac17680c2cda41df7cf0ea6796cdaf857164df3,163,0xBedf3Cf16ba1FcE6c3B751903Cf77E51d51E05b8,0xbedf3cf16ba1fce6c3b751903cf77e51d51e05b8,0,161776,131492128424,0,1,,21000,transaction,2761334696904000.0
13153942,1630688122,0x5758571236dec2f1b2285a8eadaa22dad6daea49054ddf056c14dbb2613de5f7,378,0x851eeb6df767df9476d7de5bbac17680c2cda41df7cf0ea6796cdaf857164df3,194,0xBedf3Cf16ba1FcE6c3B751903Cf77E51d51E05b8,0xbedf3cf16ba1fce6c3b751903cf77e51d51e05b8,0,69687,130395905979,0,1,,21000,transaction,2738314025559000.0
13153954,1630688288,0x7e5d3e735a5695b4ca61f44156ca09f6337040b94df5da64ea31a536c1753b50,379,0xf2d395819a8da0835f7cd391b7ef0d8601ac98b30494e2f9f5ce53f2c951613c,154,0xBedf3Cf16ba1FcE6c3B751903Cf77E51d51E05b8,0x8e595470ed749b85c6f7669de83eae304c2ec68f,0,192748,155067455628,0,1,,122167,transaction,1.8944125851705876e+16
13153985,1630688601,0xd2a72f5905d466d144a36d9f42a1155669a0075dbd8e5454cc8329bf44c400e4,380,0x687c7e68f274be26ff923d40ea5b597ae557e955f12385cee6b47b5d18c6c24f,260,0xBedf3Cf16ba1FcE6c3B751903Cf77E51d51E05b8,0x6b175474e89094c44da98b954eedeac495271d0f,0,39837,168184748833,0,1,,26558,transaction,4466650559506814.0
13153997,1630688829,0x0fe07bf9d3729e67349d201ed068f2c3e43c2623dd2c7b35248f9bb0d5b8219b,381,0x995291afb5e598fcebce15eee15b8cf4f908ac390e8ea1c941e46b51283dce8c,283,0xBedf3Cf16ba1FcE6c3B751903Cf77E51d51E05b8,0x6b175474e89094c44da98b954eedeac495271d0f,0,69687,210852068173,0,1,,46458,transaction,9795765383181234.0
13154003,1630688944,0x58d6e5a70c0a799868d1b4a95bd83b7571488f2447d874d0406587e34587bffa,382,0x7c082e5af3cfdf6351cf41b53a3921ea844a686b6fe12f9c7ec92e2ffe478be5,322,0xBedf3Cf16ba1FcE6c3B751903Cf77E51d51E05b8,0x8e595470ed749b85c6f7669de83eae304c2ec68f,0,204690,192825067459,0,1,,125210,transaction,2.414362669654139e+16
13154616,1630696975,0x642c86392bf502dc3d1e605acbf585dd19a6e74cfac38b1d7c3582414deb23f0,383,0x84a93567265bcee1cc1bd6f16c9d1dd971296f3ab9a66b6fce048b2ed36df4df,57,0xBedf3Cf16ba1FcE6c3B751903Cf77E51d51E05b8,0x8e595470ed749b85c6f7669de83eae304c2ec68f,0,303090,107561505130,0,1,,294017,transaction,3.162491105380721e+16
13154734,1630698378,0x73d00090c12bcfd0c4ddd6f043482375fd04c77973fa67f7be98dc2d7e29ee3e,384,0xa34d34549bb92ca6b7b8a12af68dae48fa32780e88deeefc5505d63125b90179,140,0xBedf3Cf16ba1FcE6c3B751903Cf77E51d51E05b8,0x9a5afc29186b5d27f12f8ce6fe9e6bd2cbb2bcdc,0,791335,82251742809,0,1,,492218,transaction,4.048578834196036e+16
13154734,1630698378,0x1221cba1b8318a94fd6fb8d038209b6ed2e74377ddb2e8e5aed1da3c38204a99,385,0xa34d34549bb92ca6b7b8a12af68dae48fa32780e88deeefc5505d63125b90179,141,0xBedf3Cf16ba1FcE6c3B751903Cf77E51d51E05b8,0xb71252d990483079ccf76a85b623059b5e33d3db,0,431508,82251742809,0,1,,256081,transaction,2.106310855027153e+16
13161393,1630787104,0x118841f081bc0bf9763de5b61dd382f6d73137312d1db8aec278496c70df899e,386,0xb53ad63c1808dc99f59a816b6822208459614299c7e9a0f6df88e8d6d8e4000c,129,0xBedf3Cf16ba1FcE6c3B751903Cf77E51d51E05b8,0x2c641e14afecb16b4aa6601a40ee60c3cc792f7d,0,365683,100860087818,0,1,,238989,transaction,2.4104451527536e+16
13172376,1630934154,0xe9739a4094fc852980ced00cf1e87a0e1596da370dfcc54540a3f8818db7c761,387,0x0ec5e247423e1ae205e4eb9d2aa95b4260c1ba6dc91489ac07e62855de49c22d,108,0xBedf3Cf16ba1FcE6c3B751903Cf77E51d51E05b8,0xb71252d990483079ccf76a85b623059b5e33d3db,0,1105284,75227959496,0,1,,645506,transaction,4.856009922242498e+16
13172927,1630941305,0xadc5c7ba02242e3286886a6c5244c28c7c7eada17d058e94d0fdb85fecc839e8,388,0xc821a54d584eced80143bfd204b809b6b8d876ffade220f9206e7f3bd9099f0e,49,0xBedf3Cf16ba1FcE6c3B751903Cf77E51d51E05b8,0x9a5afc29186b5d27f12f8ce6fe9e6bd2cbb2bcdc,0,1605394,79962419356,0,1,,963144,transaction,7.701532442821526e+16
13172927,1630941305,0x5ee232b5dd5068e3c1da608fff978b7f1613331195bbe32819f6cd1938493abe,389,0xc821a54d584eced80143bfd204b809b6b8d876ffade220f9206e7f3bd9099f0e,50,0xBedf3Cf16ba1FcE6c3B751903Cf77E51d51E05b8,0x95730d3e374b5e1f5b550af059af86d23fea79e3,0,947476,79962419356,0,1,,513065,transaction,4.102591868688614e+16
13173627,1630950733,0x818bee25ee52d1508c15cfec22f448afbd8247e0c4e86448f6aeed6c4c03e4d4,390,0xa7bea1f04315352f24f4e942d2fb3c9853ee7dcef7c28c23a0a85b8760650518,188,0xBedf3Cf16ba1FcE6c3B751903Cf77E51d51E05b8,0x16388463d60ffe0661cf7f1f31a7d658ac790ff7,0,4000000,108943690108,0,1,,2486560,transaction,2.7089502207494848e+17
13173642,1630950937,0x713331a09b215056a7db781166c4a1190e9b7bef8cdd273ebf66e541d9e4b1c5,391,0x23a84abb61bd5cd473e91c19c34f4dfa03d345fc69d18743b70cf363abd63468,152,0xBedf3Cf16ba1FcE6c3B751903Cf77E51d51E05b8,0xa2a182c5b5ea1a3c90cb5bb718f9e62dbe052927,0,1102870,96309033574,0,1,,644447,transaction,6.2066067759663576e+16
13174572,1630963433,0xf60cb9a3d9984a76ebb40ea5e1f62a09d6127dbd17b5c8a1cf63127a9ae50cef,392,0x5737fb581430a902403188579582fa911984e189b315cd0c4b231bd00d44173e,145,0xBedf3Cf16ba1FcE6c3B751903Cf77E51d51E05b8,0x16388463d60ffe0661cf7f1f31a7d658ac790ff7,0,2000000,93639481261,0,1,,839337,transaction,7.859508128316395e+16
13176258,1630985683,0x90a09094fed5922867e325b3f458c7cfdcd70522dc098f9d151763fadc7b6a2d,393,0xa6975e995ea92f97a1d773e20a86c1de4f96840a23801b7445485b1b46f75cbc,295,0xBedf3Cf16ba1FcE6c3B751903Cf77E51d51E05b8,,0,5301081,72672811404,0,1,0x9e1ff8638a2f1ad4b924a4b9677ad9d9b74361cf,5301081,transaction,3.8524445975032774e+17
13176292,1630986238,0xec44ee8924a1c0fb52090a490cc1c71e4892f4ed0af95a6c79ada52a67af6fdd,394,0x43dd24ffa5e77db11a1bb87595af0b5022dccac97f67f19c89a1b94c455838a4,166,0xBedf3Cf16ba1FcE6c3B751903Cf77E51d51E05b8,,0,6343704,79359780122,0,1,0x6570b0a1593a59ccb378fb0b01a753875fca99c4,6343704,transaction,5.034349545990519e+17
13182463,1631069162,0x97806603651e4749328fcb08882efc3f76ec80d22db6b04c9f59d7558f279a99,395,0x783230cddff5a27b1eeb72224afdc1c5efb5dbef440e2fd8ea4937da61bb4b91,246,0xBedf3Cf16ba1FcE6c3B751903Cf77E51d51E05b8,0x92be6adb6a12da0ca607f9d87db2f9978cd6ec3e,10000000000000000,1001240,98097424729,1,0,,389941,transaction,3.825220789625099e+16
13182915,1631075196,0x9c500b3a68e15d249a91e12dd808c291e710c32bf958d15db3c56d9815ece873,396,0xb827f8cde1da8e8cacdeb22d8f1c60a5eae2cc3106c238a36ee4c0ae3ac738ed,241,0xBedf3Cf16ba1FcE6c3B751903Cf77E51d51E05b8,0x6570b0a1593a59ccb378fb0b01a753875fca99c4,0,1298527,76011001692,0,1,,741485,transaction,5.636101758959262e+16
13194404,1631228247,0xf5ed00fc0316107781b09e8eeda8e62d016c0075c0dcc896fd8fbea1cba8ea80,397,0xac054ef43c5cd4c00f9c4348efa3d005db0415efed15dc115cd7b35a9310a140,233,0xBedf3Cf16ba1FcE6c3B751903Cf77E51d51E05b8,0x50c1a2ea0a861a967d9d0ffe2ae4012c2e053804,0,499490,66884208680,0,1,,446495,transaction,2.98634647545766e+16
13194414,1631228441,0x5adfa72d0289d681131a025b3ef362f76648d07f6a77128f3d07ff32d6da993d,398,0xdcd287abafc754dd02bc6a64c9904b5e1d3975901ed81c8f2de99de744555b64,39,0xBedf3Cf16ba1FcE6c3B751903Cf77E51d51E05b8,0x50c1a2ea0a861a967d9d0ffe2ae4012c2e053804,0,499516,79615352636,0,1,,446519,transaction,3.5549767643674084e+16
13195228,1631239716,0xdd49994d4ce533b83d9116d95d08880d4b41235c170247bf2a91598d17e22515,399,0x0e0d026905ee6a68c143f18bcdbbf8020dc0ab34ff39a3b277d36ab4999ab293,136,0xBedf3Cf16ba1FcE6c3B751903Cf77E51d51E05b8,,0,3571576,79661472137,0,1,0xdcecd8dc5f3ddd480d2a06c56063dbf9c2a07e09,3571576,transaction,2.8451700200917792e+17
13195497,1631243276,0xae0cbba838bfee4fc72cc7f287e608f3963fed65089b87a6a6e36a90c17871d9,400,0xc5558cdbdc066cefc85e3b374bf87a1a3577856601493e95a6de57b61c64ed00,318,0xBedf3Cf16ba1FcE6c3B751903Cf77E51d51E05b8,0x50c1a2ea0a861a967d9d0ffe2ae4012c2e053804,0,499490,73576744696,0,1,,446495,transaction,3.285164862304052e+16
13195505,1631243420,0x7fba417c09acd21295520af3709a4e54192e3da76ffb551e0bf1f4e2c56cafaf,401,0x3848c7a0ac4607fe2c8d76ca24fd53fe8aa98beed514cafbfb7205ea046f2ebc,74,0xBedf3Cf16ba1FcE6c3B751903Cf77E51d51E05b8,0x50c1a2ea0a861a967d9d0ffe2ae4012c2e053804,0,499490,84584908782,0,1,,446495,transaction,3.776673884661909e+16
13195525,1631243643,0x25f047e5b9998ebf9225e89c74b465b731068436528b386fdb1fd8b122f86ab0,402,0x09611ef7f33e5867c309e3321610f7f07cb3eb80644bee7b3278fd7a137dc5e1,155,0xBedf3Cf16ba1FcE6c3B751903Cf77E51d51E05b8,0x50c1a2ea0a861a967d9d0ffe2ae4012c2e053804,0,499490,78496531083,0,1,,446495,transaction,3.5048308645904084e+16
13195529,1631243697,0xf9dddbd5344d78aedd61367d83d4250f4a27b80afe3ef01ebe27f20719519eb7,403,0xf171dee6f6db36c7aa29653a2f6f9401ab95146d6f9547dfaeef65000577a6ac,139,0xBedf3Cf16ba1FcE6c3B751903Cf77E51d51E05b8,0x50c1a2ea0a861a967d9d0ffe2ae4012c2e053804,0,499490,74865014120,0,1,,446495,transaction,3.34268544795094e+16
13195534,1631243757,0xb7935053e11c36c26e6a31bb35b56eca3932344f844819b292dc15982b63aed2,404,0x2e71eb024caf1c74af593bbefd246e6b9f134b4442a9bd001a1e4b2b1651f861,147,0xBedf3Cf16ba1FcE6c3B751903Cf77E51d51E05b8,0x50c1a2ea0a861a967d9d0ffe2ae4012c2e053804,0,499477,86444585233,0,1,,446483,transaction,3.859603774858554e+16
13195709,1631246170,0x45a1d4161307f406b4ff8c0a4a6579cf6acc3fb7b87ee4214f91264f42b73bb1,405,0xdcab9b2d37e9e5fa4ca0e12bc70129c0c4fbf1b7a41a036f7ce27bc258d4e9ad,123,0xBedf3Cf16ba1FcE6c3B751903Cf77E51d51E05b8,0x16388463d60ffe0661cf7f1f31a7d658ac790ff7,0,5000000,75264812258,0,1,,2884596,transaction,2.1710857638017776e+17
13195808,1631247317,0xe98cfa88d57195acaf23a7f2e4500eec71e70c6db963d44810d1c48e02487334,406,0xb64f3aee2510c92b8ec1e28aa782de62404a518f4fb31d9a73776eea476e10c0,169,0xBedf3Cf16ba1FcE6c3B751903Cf77E51d51E05b8,,0,4318326,74873390695,0,1,0xb431a88a6cfffa66dbcf96ebc89ae72ff7fcc34f,4318326,transaction,3.233277097463766e+17
13198615,1631284748,0x35ea68451b9bed028fbfa86172e35a058ffc2213584d07df5d102f0a7ad4dce1,407,0x0a54ef03c5d9f8a93eef656d07a3be73580465d3f9c0f27426919f4e12cf6289,71,0xBedf3Cf16ba1FcE6c3B751903Cf77E51d51E05b8,0x16388463d60ffe0661cf7f1f31a7d658ac790ff7,0,2000000,121900129851,0,1,,367803,transaction,4.483523345958735e+16
13200233,1631306675,0x0c0f9fb6c9bbcb183602d02e2943f16a9245387e692f565ef3e27fcc811a18eb,408,0x008665e09904c84b8ef291c6af820179e010c08d50b498406833d3d07d0d899a,66,0xBedf3Cf16ba1FcE6c3B751903Cf77E51d51E05b8,0xb431a88a6cfffa66dbcf96ebc89ae72ff7fcc34f,0,995001,86576851120,0,1,,646294,transaction,5.595409941774928e+16
13200253,1631306931,0x8c3fa62d64008270a638cc4ec86d4fc177edeadec9507ea788b8539865b08692,409,0x0e05b98f8909bb540d350ae7e9fb400ed213e8eb94a4b25fac5b10e21c2bb8a0,206,0xBedf3Cf16ba1FcE6c3B751903Cf77E51d51E05b8,0xb431a88a6cfffa66dbcf96ebc89ae72ff7fcc34f,0,995037,78713615354,0,1,,646318,transaction,5.087402644836658e+16
13200253,1631306931,0x85aa0bfd7568d1d1cb09b8536ce9feb28ef47ba7f3c838158926943ed68bfb56,410,0x0e05b98f8909bb540d350ae7e9fb400ed213e8eb94a4b25fac5b10e21c2bb8a0,207,0xBedf3Cf16ba1FcE6c3B751903Cf77E51d51E05b8,0xb431a88a6cfffa66dbcf96ebc89ae72ff7fcc34f,0,995019,78713615354,0,1,,646306,transaction,5.087308188498232e+16
13200270,1631307173,0xa0e58f8cdf6e3364a6caa5006389607fd76e1245cb2bc0e25a06569b11318042,411,0x345f377bb32dd259dd1ed29163e8e4d29758fa81bec3f026d92a5d53d62ffbdf,149,0xBedf3Cf16ba1FcE6c3B751903Cf77E51d51E05b8,0xb431a88a6cfffa66dbcf96ebc89ae72ff7fcc34f,0,995037,79471480649,0,1,,646318,transaction,5.136384843010038e+16
13200270,1631307173,0x81fe9055826324bd1d7c29386d3339976ca486c79cbf19a623ed82c50d6e3af2,412,0x345f377bb32dd259dd1ed29163e8e4d29758fa81bec3f026d92a5d53d62ffbdf,153,0xBedf3Cf16ba1FcE6c3B751903Cf77E51d51E05b8,0xb431a88a6cfffa66dbcf96ebc89ae72ff7fcc34f,0,995037,79471480649,0,1,,646318,transaction,5.136384843010038e+16
13201251,1631319850,0xdb385fa6ab0e95d25c2940a8a45ffd022b368ee19d8f17dfd2445e0718d42af3,413,0xda4e0db109757dbb824981bef9fae546f0032db7299b2296496606c2ec81a769,296,0xBedf3Cf16ba1FcE6c3B751903Cf77E51d51E05b8,0x16388463d60ffe0661cf7f1f31a7d658ac790ff7,0,2000000,67471718288,0,1,,276614,transaction,1.866362188251683e+16
13201258,1631319912,0xf9584410127f2581a32da3cf312925f0e904d4043e6dfc60cba301e3d165322c,414,0xa9bff0932be3754c7f445769bc688e1148f48b2ac63c26c28d1a66f99c5d9274,282,0xBedf3Cf16ba1FcE6c3B751903Cf77E51d51E05b8,0x16388463d60ffe0661cf7f1f31a7d658ac790ff7,0,3000000,64825144590,0,1,,1519494,transaction,9.850141825363746e+16
13206373,1631389107,0xd53b27cfed93767a962d5f301d7d6ee050b7ed4b504a55b635368ffd04023b5b,415,0x4c14565868fa6715444711a02d179efb1d4dd5b763bcbb9895491e3de9d46b63,79,0xBedf3Cf16ba1FcE6c3B751903Cf77E51d51E05b8,0xc5424b857f758e906013f3555dad202e4bdb4567,100000000000000000,189946,76604506318,0,1,,113581,transaction,8700816432104758.0
13206376,1631389161,0xa2111722a872a3926c6e334a6ca671258f9e2390b9b429c4bba43b19064e854a,416,0xdff6136fe6579484bf6ddb87c715ed97a93baab08459960bc803fdc6246b5564,10,0xBedf3Cf16ba1FcE6c3B751903Cf77E51d51E05b8,0xa3d87fffce63b53e0d54faa1cc983b7eb0b74a9c,0,68925,76019878897,0,1,,45950,transaction,3493113435317150.0
13206384,1631389231,0x2982e002ac6000a3edd419cde7746b270876aaad659459db4bde63f6d8a9d185,417,0x4ae91d98cf6c2d22838b1fd80cd621a8c71b90961879681b9bb46829d0c1e636,238,0xBedf3Cf16ba1FcE6c3B751903Cf77E51d51E05b8,0xb17d98c36d2238ffcb27bf797ca9967b3cc9aa07,0,210387,58115959649,0,1,,170523,transaction,9910107787226428.0
13206389,1631389276,0x87006c5f01f0b68381cd652e114d392d67911b97394ed585b5e2fd9d58a2bdea,418,0xd39cafad46480e1355aedb90f4ad377829cc2849d487bd02d56d565bd03ca9fb,277,0xBedf3Cf16ba1FcE6c3B751903Cf77E51d51E05b8,0x8e595470ed749b85c6f7669de83eae304c2ec68f,0,136168,53884811120,0,1,,129718,transaction,6989829928864160.0
13206395,1631389360,0xc12f9547166c0a545ae6570d6788842e9a9ecb4f1f46258864164c81b32b916c,419,0xfb3993c35976dd51f26e26f4ca4267318eef3ae6efd4f44a7ebf45d494b3dd0d,167,0xBedf3Cf16ba1FcE6c3B751903Cf77E51d51E05b8,0xb17d98c36d2238ffcb27bf797ca9967b3cc9aa07,0,69465,59406195399,0,1,,46310,transaction,2751100908927690.0
13206403,1631389428,0x1ed90d97a0b8e618d1aab047494452025bcf34c55702c3e179893fe38bccf2d1,420,0xb82c8372fc00ee8d7d0cd89230e7b39c286f305983faa70d16afbc63d9d61d02,155,0xBedf3Cf16ba1FcE6c3B751903Cf77E51d51E05b8,0xff4446e9df1c8281ce1d42610c3bc0342f93e4d7,0,192121,56451121652,0,1,,155301,transaction,8766915643677252.0
13206568,1631391593,0x180f574fa1f4ea72f66f40c083c50e8647fe5df20e01ba5798a6aae52bc85e73,421,0xd7e0dc9628cdf67cd58ff431a080e9292d4f84076ec527b355e9a72772bb0e7e,63,0xBedf3Cf16ba1FcE6c3B751903Cf77E51d51E05b8,0x8e595470ed749b85c6f7669de83eae304c2ec68f,0,204690,61850927044,0,1,,125210,transaction,7744354575179240.0
13206645,1631392491,0x149c8aff0ff8673bc43747b2574b06bcb3dd973000b5bf83b5d2532e571a1d4b,422,0x7d1a3f41c57c595c1b37f607caefab75a0aa6f49da1ee5438afe6c667c36ec90,223,0xBedf3Cf16ba1FcE6c3B751903Cf77E51d51E05b8,0x8e595470ed749b85c6f7669de83eae304c2ec68f,0,303078,46375818104,0,1,,294005,transaction,1.363472240166652e+16
13206781,1631394214,0x2b5d84425baacefb3278b1339051c8f30fd8a01ffc0e5daf03d91db9cf30ea8b,423,0xf3fe5b650eb3ef6cdd2b35e3c62b15f8fe7cf0a34b0a26d5b83d72ea7e47669d,146,0xBedf3Cf16ba1FcE6c3B751903Cf77E51d51E05b8,0x8e595470ed749b85c6f7669de83eae304c2ec68f,0,136460,67897957360,0,1,,125210,transaction,8501503241045600.0
13212607,1631471820,0x83ddf1cdfb2acd0717f78f476b33c4e80329478c6002e031fe7a3e0144d99dc7,424,0x0ae5b26b78f9741dd1b82c2689d214248918933d6fc1c14dccff0ce7fd53bae6,524,0xBedf3Cf16ba1FcE6c3B751903Cf77E51d51E05b8,0x16388463d60ffe0661cf7f1f31a7d658ac790ff7,0,1000000,67561505530,0,1,,95207,transaction,6432328256994710.0
13213152,1631479082,0xd6995900190380c012fcb20eaec32a6d811308baaa27c0274f01832d188fe8bb,425,0xef7679f505b6cf6e91a9085cb2eb94ee6a5c38add628e11e2ec59aacd97821b2,73,0xBedf3Cf16ba1FcE6c3B751903Cf77E51d51E05b8,0x8e595470ed749b85c6f7669de83eae304c2ec68f,0,303078,145080731736,0,1,,294005,transaction,4.265446053404268e+16
13213350,1631481947,0x209d0b1420c92db6160affdea211aad15b6ea0764cde3fa08dcec69a89a9423b,426,0x59ecf890dabc28fdf9673c4fde7cab206cb6df33d5b0126e2f2a1deff2007abe,95,0xBedf3Cf16ba1FcE6c3B751903Cf77E51d51E05b8,0x8e595470ed749b85c6f7669de83eae304c2ec68f,0,136460,79120200710,0,1,,125210,transaction,9906640330899100.0
13213376,1631482295,0xd91946d9f24b2967edd0ea68bbdc8fbc1040d13fbb2de3fc580d852b95fd9aea,427,0x1096c2b9c1d69732b234a2a779bfb1cccc7c0e62c76239e47ca5a71aa8ed1095,346,0xBedf3Cf16ba1FcE6c3B751903Cf77E51d51E05b8,0x41c84c0e2ee0b740cf0d31f63f3b6f627dc6b393,0,368650,57161780593,0,1,,232790,transaction,1.330669090424447e+16
13213526,1631484101,0x80aa67e977d35da9cd5e4c6c60fe2cd1ac2c409af55da001b7c0a3813dfc68f5,428,0x1ed2a3f581bc0cf1cf064439478900cb0e3095e23e5964426ef5a0d74e92c46e,198,0xBedf3Cf16ba1FcE6c3B751903Cf77E51d51E05b8,0x41c84c0e2ee0b740cf0d31f63f3b6f627dc6b393,0,162341,66740209488,0,1,,150683,transaction,1.0056614986280304e+16
13213697,1631486364,0xc0a0aa50d42e52474b93b5c65a27c141437fc26d281c3ea61b97e685012bebf0,429,0x03fb6844cd3c7342a7ea8f1cc215d5b4fcbd3986966f977a9d89643f8d76198b,310,0xBedf3Cf16ba1FcE6c3B751903Cf77E51d51E05b8,0x41c84c0e2ee0b740cf0d31f63f3b6f627dc6b393,0,245767,65548313247,0,1,,232790,transaction,1.525899184076913e+16
13213877,1631488518,0xa52d3186f52a443bc383c0bb4cca7568bc6d2dbace2c502d7610410535200675,430,0xdee63d7c332cde63f2295d86ace0b4b0ffa0ae2e658b86d93044c0f7cfcad0ba,90,0xBedf3Cf16ba1FcE6c3B751903Cf77E51d51E05b8,0x6570b0a1593a59ccb378fb0b01a753875fca99c4,0,2587663,63431754612,0,1,,1400209,transaction,8.88177136935139e+16
13214249,1631493476,0x56f976743df1859470f01610b8215a30a1ee8d576fb238ed12f7db16164f096a,431,0xf79f63b6dcb981df330a17154aa12106c5f8249122a90df61dfbe32ef81f673c,80,0xBedf3Cf16ba1FcE6c3B751903Cf77E51d51E05b8,0x16388463d60ffe0661cf7f1f31a7d658ac790ff7,0,3000000,54144520838,0,1,,1261380,transaction,6.829681569463644e+16
13214558,1631497796,0xf857c29cf5784b3f1baa82a8a53b6b660a3f8e09425dd00beddd4f40ca889fd7,432,0xb268a895007a30fdb1f92e84a86e8bec43e2df3e174b8c8fd27e6ef8191109da,100,0xBedf3Cf16ba1FcE6c3B751903Cf77E51d51E05b8,0xdac17f958d2ee523a2206206994597c13d831ec7,0,48897,64502087474,0,1,,48897,transaction,3153958571216178.0
13214565,1631497891,0xfd634dba22fd72419a27bb279c8b0a3dfffc3987ba8db01d3fa33219f6aa2e5f,433,0x46b1ea31e68eadfc9655511eb6a05b6eb3b45b5eb2f2e8d5e9d40b075afac976,270,0xBedf3Cf16ba1FcE6c3B751903Cf77E51d51E05b8,0x92be6adb6a12da0ca607f9d87db2f9978cd6ec3e,0,1087829,54690415257,0,1,,870264,transaction,4.759509954321785e+16
13214572,1631498051,0x98fe8a6dff1778fd1aef25885b708c5621fc0cb2f6486dc265f0879f8a38a4c6,434,0xab14397286ae6e248d57456f5b9ea7fb15901111a3cd00144a3a945dcf80e6ce,313,0xBedf3Cf16ba1FcE6c3B751903Cf77E51d51E05b8,0x92be6adb6a12da0ca607f9d87db2f9978cd6ec3e,10000000000000000,652034,70470608944,0,1,,521623,transaction,3.675909044919611e+16
13217734,1631541289,0x474c68ed5b09b3e92fbb9701c8c02adb7c8787269a2f19e91ee2a07b9be39c7c,435,0xb718cc28047023b9750448f83b3fafae5860a8c2b5e25c0c8cafcfa362cd1584,144,0xBedf3Cf16ba1FcE6c3B751903Cf77E51d51E05b8,0x9a5afc29186b5d27f12f8ce6fe9e6bd2cbb2bcdc,0,1553280,78926690984,0,1,,928944,transaction,7.33184760294409e+16
13217734,1631541289,0xa34808328bab0a3f021da0b04317909b255f6fa938e7978bd0658f0850253f70,436,0xb718cc28047023b9750448f83b3fafae5860a8c2b5e25c0c8cafcfa362cd1584,145,0xBedf3Cf16ba1FcE6c3B751903Cf77E51d51E05b8,0x29d23b73dd0ed729f516bb55622765af102f0e33,0,1012732,78926690984,0,1,,566449,transaction,4.4707945181195816e+16
13219835,1631568949,0x5b51955fe5318e9c49934646b25d65a9c7394b61b5edc456fb5e96e356e1d1f3,437,0xe729501574a42b34b7f8c3e1f11108db591411f7318759f86f4a03b97f1fc591,174,0xBedf3Cf16ba1FcE6c3B751903Cf77E51d51E05b8,0xa2a182c5b5ea1a3c90cb5bb718f9e62dbe052927,0,1040914,55288756743,0,1,,613703,transaction,3.393087587944933e+16
13219847,1631569051,0x7172a61d196ff44d59a4ce0dc9fccd12b44d6912a0b9b9115c41e18f8f4e059a,438,0x50bca96a750fc9ece4921ba8e13e229e00b5f1cfc876dea1a7f50aef7ffb3db6,55,0xBedf3Cf16ba1FcE6c3B751903Cf77E51d51E05b8,0xb71252d990483079ccf76a85b623059b5e33d3db,0,1072308,46843606347,0,1,,613306,transaction,2.8729464834253184e+16
13219847,1631569051,0xa892498515150e6848f9c072980cc15c50ab22f0a22bdd90b6c02db57809e149,439,0x50bca96a750fc9ece4921ba8e13e229e00b5f1cfc876dea1a7f50aef7ffb3db6,56,0xBedf3Cf16ba1FcE6c3B751903Cf77E51d51E05b8,0x95730d3e374b5e1f5b550af059af86d23fea79e3,0,1197622,46843606347,0,1,,674423,transaction,3.159240552336278e+16
13225980,1631651081,0x06a145eb4127fa6fac3c63afbe325d1f7b65124de6c5ccb63a3baa842d17e332,440,0x19d7ee4a39aea58a25312a0607dcfb11d774afc47de71712dfd40becd201cc24,161,0xBedf3Cf16ba1FcE6c3B751903Cf77E51d51E05b8,0x6570b0a1593a59ccb378fb0b01a753875fca99c4,0,2623123,82891616610,0,1,,1407448,transaction,1.1666564001451128e+17
13238180,1631813824,0x0d9f810dfabeab9b3a75b6adcb67ee19f738c5d155d821229d991f5703926535,441,0x38fe3a1919392aa463bbd6375fc782ae89abf808f8ef3759d707e1fcac1b3b3d,193,0xBedf3Cf16ba1FcE6c3B751903Cf77E51d51E05b8,0x16388463d60ffe0661cf7f1f31a7d658ac790ff7,0,3000000,76235519147,0,1,,2019654,transaction,1.5396937118731514e+17
13245644,1631913883,0x5785db6386c89bb79123d3e1d8bcb3d7250faa6c59f5c199734539f2a70683d4,442,0xd9a7ee77b006de24e2d500bf55d7e14fa2d7b5779e0eda0d3ac271c148ab793f,190,0xBedf3Cf16ba1FcE6c3B751903Cf77E51d51E05b8,0x5e10e27deae12877e23a68cc0d6f1b134b4d517a,0,45255,76269615013,0,1,,30170,transaction,2301054284942210.0
13245674,1631914329,0x3100f731901e871f97ff1191a41df0957729f76e9a0f4b8d9218d9743558c716,443,0x1eb93ee55d49b316ba1f1877b7d55f0505d93efff17d7a40c03418e9bbbbe725,104,0xBedf3Cf16ba1FcE6c3B751903Cf77E51d51E05b8,0x6570b0a1593a59ccb378fb0b01a753875fca99c4,0,45225,79852307236,0,1,,30150,transaction,2407547063165400.0
13245711,1631915051,0x333988bd50d05e56f002f4c26490a976af0c6a2d087c6fd76337f75b1f8f3e39,444,0x39d1cfe346a6a8fdae6290a6e9e1ef24732362c1001534be930d29fc6444a1a0,9,0xBedf3Cf16ba1FcE6c3B751903Cf77E51d51E05b8,0x16388463d60ffe0661cf7f1f31a7d658ac790ff7,0,2000000,150000000000,0,1,,1036453,transaction,1.5546795e+17
13245852,1631916875,0x3b05605e4b4ed6d8b48ec6c203db0d66ac0daee3916abeb8e4b424c1e195d4d9,445,0xf475687681721d754d68b55037730172573463b7876901c6f05eb26e009a69cf,101,0xBedf3Cf16ba1FcE6c3B751903Cf77E51d51E05b8,0x6570b0a1593a59ccb378fb0b01a753875fca99c4,0,107196,71985532150,0,1,,66664,transaction,4798843515247600.0
13245882,1631917204,0x9a4a782d0cbafba08999fb29eb0a704000b5e0b1d6c8b1ac8d5ab60564e7504f,446,0x44fd4306cd5f4177ff01513fe86e37442ca39d7085b7c7b7cd6c01aa166bced8,80,0xBedf3Cf16ba1FcE6c3B751903Cf77E51d51E05b8,0x5e10e27deae12877e23a68cc0d6f1b134b4d517a,0,107064,51130823725,0,1,,66576,transaction,3404085720315600.0
13245941,1631917780,0x919def3d8a76e512397c86d32ae45eba3bfacd91659584104fc2fbd99495525b,447,0xd864097a042cdd9c2062626dea6c12194aa495eff533bb769908853c59106e79,273,0xBedf3Cf16ba1FcE6c3B751903Cf77E51d51E05b8,0xc491599b9a20c3a2f0a85697ee6d9434efa9f503,0,490018,42351112823,0,1,,326679,transaction,1.3835219185904816e+16
13245942,1631917799,0x920bd16f798096e1cf0f7502e3f3f2c9199fb1c8053cd4efb3acfdecc7093cb1,448,0x10a693c0a1230968628eec85077f443cbb196f80a54713733a8a30a6fa0516ec,89,0xBedf3Cf16ba1FcE6c3B751903Cf77E51d51E05b8,0xc491599b9a20c3a2f0a85697ee6d9434efa9f503,0,490018,46871758793,0,1,,326679,transaction,1.5312019290738448e+16
13245954,1631917949,0x25d2a91258bdac5370be99ca1e108443e95ec624049b172289ac9d9cf72d789f,449,0xed6ed3c7d23e09c43ccbafeeb89d0acd1d03694d14fb82d31c9ef1daccd9da17,103,0xBedf3Cf16ba1FcE6c3B751903Cf77E51d51E05b8,0x6570b0a1593a59ccb378fb0b01a753875fca99c4,0,42241,50057667099,0,1,,28161,transaction,1409673963174939.0
13245954,1631917949,0x5733b88dbccffb7b4bccbf98737f49c54d75dead78ea83b9ec8b9e0bda5ce9c9,450,0xed6ed3c7d23e09c43ccbafeeb89d0acd1d03694d14fb82d31c9ef1daccd9da17,110,0xBedf3Cf16ba1FcE6c3B751903Cf77E51d51E05b8,0x5e10e27deae12877e23a68cc0d6f1b134b4d517a,0,42307,50057667099,0,1,,28205,transaction,1411876500527295.0
13247170,1631934129,0x80bfd8e795ac0d6934cfd9d3ce1b7702e8218d6d21e49fc02304b7a11ddc0a0b,451,0xbb3b15bd05d02401e2fead69152fe5e6f91d8e44166ab8ca1bca98ce110f09c6,43,0xBedf3Cf16ba1FcE6c3B751903Cf77E51d51E05b8,0x16388463d60ffe0661cf7f1f31a7d658ac790ff7,0,12000000,84248766656,0,1,,11640861,transaction,9.807281820639309e+17
13249852,1631970821,0x6b03fac26f3febf54649b1ff340f5f5eeca33aff5f5fdb2de0fc1a2d2510b046,452,0xe2082b805c823453329a94f84ac093121a75754df58ceafc74b685bf1e99db6d,13,0xBedf3Cf16ba1FcE6c3B751903Cf77E51d51E05b8,0x16388463d60ffe0661cf7f1f31a7d658ac790ff7,0,12000000,51920967705,0,1,,8774656,transaction,4.555886307984845e+17
13259053,1632092554,0x127f2c81062fec10c0ff304e4af1db66cd4c99bb7f91495670d2bc14145f6040,453,0xb6a86a9bcfdd805ca91b7a92271de7cb0a4745ca58a9d776a80e1805a3cb6de5,101,0xBedf3Cf16ba1FcE6c3B751903Cf77E51d51E05b8,0x16388463d60ffe0661cf7f1f31a7d658ac790ff7,0,2000000,67219526820,0,1,,291563,transaction,1.959872689821966e+16
13259895,1632103725,0x86bce9f023746c7517d53ab57975854f11ee223d5ad7749f758ff0d1f3840bf1,454,0x566909f1a280b1a5e80d778559bc9af57fb3963e26c2a8862216ab6969dc9f57,139,0xBedf3Cf16ba1FcE6c3B751903Cf77E51d51E05b8,0xa2a182c5b5ea1a3c90cb5bb718f9e62dbe052927,0,1043914,61799183145,0,1,,615703,transaction,3.804994245992594e+16
13259909,1632103901,0x760da527b05eec34b89b301ef799db215d807aac23ffb697be3fc5046760f245,455,0x3dc636ab93ef179b09600a1a191fb3346d1eec59ef3f9f04cfc7e2e340d6636e,43,0xBedf3Cf16ba1FcE6c3B751903Cf77E51d51E05b8,0x95730d3e374b5e1f5b550af059af86d23fea79e3,0,1190340,59417098569,0,1,,690764,transaction,4.104319267591672e+16
13259944,1632104337,0xbc9d76c3e229bd89e2a62afdf85e2e283e4b6e25f6425bf23cce2655d0fc9ae2,456,0x503763554661b841f37c6d71551620ee39a1f8724247e4d574f5d527ecd2c6c4,54,0xBedf3Cf16ba1FcE6c3B751903Cf77E51d51E05b8,0xb71252d990483079ccf76a85b623059b5e33d3db,0,1069944,59999990192,0,1,,601194,transaction,3.607163410348925e+16
13259991,1632105069,0xab8bd61e76914342c97e3344a048ebfaa62cef5b2fc4572f6d732ccc16c799fb,457,0x1a4e7a437e2d772aac3f4a702d26c05c97ec9d6227509702e32044ead3ff6b42,22,0xBedf3Cf16ba1FcE6c3B751903Cf77E51d51E05b8,0x9a5afc29186b5d27f12f8ce6fe9e6bd2cbb2bcdc,0,1528953,78373549888,0,1,,967944,transaction,7.586120737279027e+16
13260019,1632105523,0x851001228ed119908696fcc4646d6cce7544144bcbb48f8322d7aaffc74cbf08,458,0x33758612da00cd950e0d454bef5bcfcd1a580adfc56b12e79c9f1a36a50207f6,104,0xBedf3Cf16ba1FcE6c3B751903Cf77E51d51E05b8,0x29d23b73dd0ed729f516bb55622765af102f0e33,0,1043119,97663278068,0,1,,596951,transaction,5.830019150597067e+16
13265415,1632177785,0xdf2bd96398e42672feea5c71c496d722305379fb24b78cc447833243760b98e3,459,0xac7695216946f91c8099be31b4982ec92dc0fef6fa292a194035a7f312093cf9,218,0xBedf3Cf16ba1FcE6c3B751903Cf77E51d51E05b8,0x16388463d60ffe0661cf7f1f31a7d658ac790ff7,0,3000000,59979894148,0,1,,273349,transaction,1.6395444085461652e+16
13266791,1632196390,0x84ee0b413e5c76e1a412427ecfa6af137fca74959d6c40ce2088b793952246f4,460,0xc7dfeb9a75aad99ad056c0fb7544c4205471da6a29c997e8a12fab1211069d49,38,0xBedf3Cf16ba1FcE6c3B751903Cf77E51d51E05b8,0x92be6adb6a12da0ca607f9d87db2f9978cd6ec3e,10000000000000000,572022,67136527755,0,1,,457618,transaction,3.072288355818759e+16
13269737,1632235220,0xc7fd94951fd3e1678c0740cd49280ad67a0ca9daf9ea046705831cf0f42b5a32,461,0x5ba120f764bd27b1fe23ff318c57cd0d83c019ff392b646067f849bd03316b75,56,0xBedf3Cf16ba1FcE6c3B751903Cf77E51d51E05b8,0x16388463d60ffe0661cf7f1f31a7d658ac790ff7,0,3000000,94042461590,0,1,,947980,transaction,8.91503727380882e+16
13278946,1632358996,0xf2fb6b0a085e9962cacb751a9ae55dc7d4164da9280cbf498c9814327c5575bd,462,0x3beb3d4b807ef87edd906600179a9c49ac97081208a0668600d07b1e9e0ae7e0,339,0xBedf3Cf16ba1FcE6c3B751903Cf77E51d51E05b8,0x11111112542d85b3ef69ae05771c2dccff4faa26,50000000000000000,192638,56439043918,0,1,,182869,transaction,1.0320951522240742e+16
13278960,1632359154,0x59eb13fd9d3380b8cb776d7411bad3fd6068c0b82dc71d8ca3d4f402bd3f9751,463,0x51463adebe891c12a2bebfc1ba82f484c2b923ecbc677518857d09d69b14b463,147,0xBedf3Cf16ba1FcE6c3B751903Cf77E51d51E05b8,0xc011a73ee8576fb46f5e1c5751ca3b9fe0af2a6f,0,683582,50233184333,0,1,,655044,transaction,3.2904945998225652e+16
13279008,1632359698,0x6e8de6b33000ed750116aaf44d82200ea18c6b49095d8af47895d4a4b0e4ae30,464,0xb7ab0940128a6c6dbab8f69c6af7244318c3a9fda1bd3f2ee76fcd87456bd4d6,66,0xBedf3Cf16ba1FcE6c3B751903Cf77E51d51E05b8,0xd9e1ce17f2641f24ae83637ab66a2cca9c378b9f,10000000000000000,259461,48111706190,0,1,,189622,transaction,9123037951160180.0
13279014,1632359731,0x8491459ff0577508620cadcdd1a6b6a939049608fc425ee1d0c6bf3baa4fa00a,465,0x9feec3816a0890efdcf404b1b174818f6301dd1422ae24a8c4a82962783510ea,338,0xBedf3Cf16ba1FcE6c3B751903Cf77E51d51E05b8,0xc011a73ee8576fb46f5e1c5751ca3b9fe0af2a6f,0,740837,41010572298,0,1,,710523,transaction,2.9138954860891856e+16
13279023,1632359907,0x90f38edf2d03100db22cc19a0fc212b1f3aece4f7a2696622ea84a935b4b71f7,466,0x3d03f11afb1c747d8554330dfabe7d57708b1cd5321ad3c5e6ed0abe49e72c58,89,0xBedf3Cf16ba1FcE6c3B751903Cf77E51d51E05b8,0x269895a3df4d73b077fc823dd6da1b95f72aaf9b,0,70141,53204441204,0,1,,69737,transaction,3710318116243348.0
13279027,1632359958,0xdb555ca914aff718e8f1caa6fd3000af0fe0739eedf0b2550e2b322a22465b91,467,0xdcc4a1c11bd9b9078ea8fa634cbaf152f84b769392655f362cf89c5171d4d5fc,108,0xBedf3Cf16ba1FcE6c3B751903Cf77E51d51E05b8,0x8461a004b50d321cb22b7d034969ce6803911899,0,600000,57723842927,1,0,,120106,transaction,6932979878590262.0
13279042,1632360147,0x2024ae5a5d57f8f662a17c53454f57db89a152e7dffb5d345b19dfb4d5e366bd,468,0x2e0c2b62141dfc976369e53c86fb65711d7c8b273b581c2e1f6aa3fd0c3af207,217,0xBedf3Cf16ba1FcE6c3B751903Cf77E51d51E05b8,0x8461a004b50d321cb22b7d034969ce6803911899,0,555892,43457758484,0,1,,369183,transaction,1.6043865650398572e+16
13279051,1632360368,0xfb6a6a1ff17790c8414dfb8b6c1e9f97e74a8a52b1898b1073b6bc4da25564ca,469,0x6b016425111041bb8516c9be533d5580b270ac6ffedd7ddc68c14cfa8ea3e748,161,0xBedf3Cf16ba1FcE6c3B751903Cf77E51d51E05b8,0x11111112542d85b3ef69ae05771c2dccff4faa26,20000000000000000,192223,63978113774,0,1,,182459,transaction,1.1673382661090266e+16
13283066,1632414457,0xca3cac3b7541724f84e238433899e15d846f8c7ee618c8d26d4664dc5d8835c0,470,0xb761e4ce044357863cb3bb908ae8b8302a163ecb9b1483e3531cd3a38d1eb87b,186,0xBedf3Cf16ba1FcE6c3B751903Cf77E51d51E05b8,0x8461a004b50d321cb22b7d034969ce6803911899,0,264761,93754776538,0,1,,159682,transaction,1.4970950227140916e+16
13283566,1632421448,0x60f8243f71f90e261f3ef53f077cbe6e7774f1f997a8befa3f7b810ac6782efd,471,0x8d507173dd792f05c6415d2158517a3c20375855659d8afcf8ec72979490716e,43,0xBedf3Cf16ba1FcE6c3B751903Cf77E51d51E05b8,0x16388463d60ffe0661cf7f1f31a7d658ac790ff7,0,3500000,124333149464,0,1,,1538094,transaction,1.912360711916816e+17
13305747,1632717322,0x6066d48c64f2d3b5dd37bbd8cda8a87514d210dbbe45bb0337c8c1d0da329c45,472,0x13cbb4a5adbe5517df6f97c5cdf1f2fb0b1e07e0ebbac997ee87268d1649b77b,111,0xBedf3Cf16ba1FcE6c3B751903Cf77E51d51E05b8,0x95730d3e374b5e1f5b550af059af86d23fea79e3,0,1086903,74145830795,0,1,,612324,transaction,4.540127169571758e+16
13305756,1632717486,0x2ee02ee44ed5e5ba90a38ec97259bf51a9cfab1fe9b6b9f93a932da44bb82f72,473,0x1aa54b3b4e7c651df43c15bc0d4cd93bde9585d888315d39e011d3feefeb334f,15,0xBedf3Cf16ba1FcE6c3B751903Cf77E51d51E05b8,0x29d23b73dd0ed729f516bb55622765af102f0e33,0,1290972,83590215849,0,1,,767364,transaction,6.414412239475203e+16
13305774,1632717694,0x009092e93849ae417ed10bd61f1f084f21844ad0ea2da7ae602e17466073ba49,474,0x279fe785ea1ce48e969c3f9ae7e9a2f1c5e793493ad26e5706061b3353d66f24,26,0xBedf3Cf16ba1FcE6c3B751903Cf77E51d51E05b8,0x9a5afc29186b5d27f12f8ce6fe9e6bd2cbb2bcdc,0,1553962,63521974034,0,1,,929392,transaction,5.903681449140733e+16
13305778,1632717793,0x22e1c93f228609f07b37ca7a0e11bc0726db173f98996dab57fcaa716003e007,475,0xcdfde88e0cab8dcb5c190df125ae584f9edfb00e95891d292930688b32961a66,130,0xBedf3Cf16ba1FcE6c3B751903Cf77E51d51E05b8,0xb71252d990483079ccf76a85b623059b5e33d3db,0,1044538,75830400839,0,1,,605642,transaction,4.592607562493364e+16
13305781,1632717894,0x95bc26262f299c0c05eebe0845cbd79e21951a463faa26a9e4d97b81ccb1c25e,476,0x79303a1ec522ed9b65028401c890f1015cb65966ec28c972d312d033ce748817,93,0xBedf3Cf16ba1FcE6c3B751903Cf77E51d51E05b8,0xa2a182c5b5ea1a3c90cb5bb718f9e62dbe052927,0,961230,93600481545,0,1,,550020,transaction,5.14821368593809e+16
13308113,1632750280,0x18ccd1808d4a5d4aec502513a78d06d55d0064405c4a9c10bca1eced6d637dc3,477,0x7f3636ee3834d87e982e59d768eaca05533829fcb44d98e776ad24bea41901c1,134,0xBedf3Cf16ba1FcE6c3B751903Cf77E51d51E05b8,0x16388463d60ffe0661cf7f1f31a7d658ac790ff7,0,12000000,65247004045,0,1,,2343668,transaction,1.5291731547613706e+17
13324455,1632969543,0xc39c6cabb8248d3fb472ccf4533c6253fb4c4a8fd149aca5c26059928dca2aec,478,0xb3f3d565fe4e711eafbd2c31a0bc1635b19f9a2732338202f9827398bf63109e,387,0xBedf3Cf16ba1FcE6c3B751903Cf77E51d51E05b8,0x3d9819210a31b4961b30ef54be2aed79b9c9cd3b,0,1271826,74638091139,0,1,,768006,transaction,5.732250182329883e+16
13339982,1633179543,0xdcc6fc39872da2919f812ee21ca50e4f2e7ee60a11a1f2d98ebdd6366024dd73,479,0x81d03fc4703caa8e6971a6b0c823b64ac28d87502bd9af1d0999b001c46cdb9c,271,0xBedf3Cf16ba1FcE6c3B751903Cf77E51d51E05b8,0xb71252d990483079ccf76a85b623059b5e33d3db,0,440188,42123363984,0,1,,256977,transaction,1.0824735706516368e+16
13339996,1633179721,0x32f6976afe460bd8449e377afb6761c18a03e025ad1fb29c1a4f4abf6845a72e,480,0xf4d36ec6af28d63dc45db2adb500c8ba9c93f30b5b5d77ff4cb8c67fc6714ec6,251,0xBedf3Cf16ba1FcE6c3B751903Cf77E51d51E05b8,0x95730d3e374b5e1f5b550af059af86d23fea79e3,0,450450,43955783462,0,1,,263712,transaction,1.1591667568330944e+16
13339999,1633179768,0x2c5d78d6bdfac9dee5ed6f3b7d571fab0fd10574eb4e1860fb9bbebe1af47bf2,481,0x108fb3bc5f38e57af0d141f96d226100d59f91af405dc96a0949c201ce8d0bf9,70,0xBedf3Cf16ba1FcE6c3B751903Cf77E51d51E05b8,0x9a5afc29186b5d27f12f8ce6fe9e6bd2cbb2bcdc,0,800016,46385358843,0,1,,493114,transaction,2.2873269840507104e+16
13347884,1633286142,0xf20dd157fbcf7d8699ee0944be7c3496a239f68e641584473d299d03b82e7d25,482,0x9a27965ee6c74b5e8b2503066b9e86fc15126cb40572a2918067c53eb4bb9ceb,6,0xBedf3Cf16ba1FcE6c3B751903Cf77E51d51E05b8,0x16388463d60ffe0661cf7f1f31a7d658ac790ff7,0,4000000,111980532371,0,1,,2544584,transaction,2.8494387098272867e+17
13348027,1633288102,0xc58f2b3e89f6a831740450a0da13cddfe3cbdfd7b56e09b42ff92309af7b3c78,483,0x4d49809b10146970a04c10d20710681f9c56f491ffc3148e9cbddc0378147a3e,321,0xBedf3Cf16ba1FcE6c3B751903Cf77E51d51E05b8,,0,4321796,48870505413,0,1,0xaf6f42bfb29e90dfe51f2341ff1b1f99fd776a70,4321796,transaction,2.1120835481188176e+17
13348028,1633288117,0xf4e6b9a9233b071b2019be3baa509c20e143953a61d04cd0fcbc46ba96ad322f,484,0x061003c42a151503b7b2f20d6685c33edb77fec9b0412b86da186649d0c96df9,76,0xBedf3Cf16ba1FcE6c3B751903Cf77E51d51E05b8,,0,3037345,54785290991,0,1,0x7f26cd6a19230c1531e9f9a3dff25d393f15ab64,3037345,transaction,1.6640182966505888e+17
13353896,1633367671,0x1dcb2555e08e1c41db6244bd51e7fa499ba8309dbcf86d41a13a1fb86b6597b7,485,0xd2d3f8be7ec906f6927318ef94ba9cab95dac9dd2d6c64c453fb4aa3e70cd967,29,0xBedf3Cf16ba1FcE6c3B751903Cf77E51d51E05b8,0x16388463d60ffe0661cf7f1f31a7d658ac790ff7,0,4000000,74928930538,0,1,,1335043,transaction,1.0003334421224314e+17
13355076,1633383472,0xe23d940563b4c61089fb1686ca6e6d502c09f1daad62df25b126cdda30e11bcb,486,0xb218f025d3f7ef3850646182a97fc63400b5203a98641237143fe8aa60ce6354,225,0xBedf3Cf16ba1FcE6c3B751903Cf77E51d51E05b8,0x16388463d60ffe0661cf7f1f31a7d658ac790ff7,0,12000000,66048228178,0,1,,1947731,transaction,1.2864418151736411e+17
13355082,1633383551,0xe2487269447d09dc212abadffa1609b7817b5d5a2b2868a9a157230acc5824dd,487,0xc39b5e53d8616ec82caa4f472efbc8deb850c3d1372e20db7117d1b8b70e1e00,249,0xBedf3Cf16ba1FcE6c3B751903Cf77E51d51E05b8,0x16388463d60ffe0661cf7f1f31a7d658ac790ff7,0,1000000,84845189694,0,1,,95337,transaction,8088885849856878.0
13356402,1633401435,0x230c5e95678cf0fe5fd25a74ac16740ca827863ddcca56d0f7cdfbd98de8fcdc,488,0x5228a51aab23bc6508d5facaea4aef74d8a63c8cc84e5911c09345c234e35ebb,1,0xBedf3Cf16ba1FcE6c3B751903Cf77E51d51E05b8,0xa2a182c5b5ea1a3c90cb5bb718f9e62dbe052927,0,1012308,130654642871,0,1,,584072,transaction,7.631171857095072e+16
13356497,1633402726,0xe59deb5d4943f57fc18bd898b2f820e06ec2be86084c9b34231ee89868fae97e,489,0xb1818a59284732cc23a3adccdf93b2509df7ec0fd977b0edff36da2c938289c2,224,0xBedf3Cf16ba1FcE6c3B751903Cf77E51d51E05b8,0x16388463d60ffe0661cf7f1f31a7d658ac790ff7,0,1000000,101333778678,0,1,,99156,transaction,1.0047852158595768e+16
13356503,1633402814,0xf97b9195abf13e169eed6de132057faf27c6594336a391321e7b99325feb6203,490,0xa17609afe68b0e21631db7ff6a46a7da6ff382a4414ff6c1aa6a020fd19e8781,2,0xBedf3Cf16ba1FcE6c3B751903Cf77E51d51E05b8,0x9a5afc29186b5d27f12f8ce6fe9e6bd2cbb2bcdc,0,1570707,102277822293,0,1,,950940,transaction,9.726007233130542e+16
13356632,1633404764,0xd2e2f1a0f8ca7fefc53d9cd121c3d9aa64b515e6d913d4e477ea52b2ea4683c4,491,0x61f4488edcd22cbaef5ececd9cef810971de50a468102f944d46df2587f74dd0,1,0xBedf3Cf16ba1FcE6c3B751903Cf77E51d51E05b8,0x29d23b73dd0ed729f516bb55622765af102f0e33,0,1136289,93313998664,0,1,,655293,transaction,6.114801012652855e+16
13356642,1633404889,0x48f4fcd00627dd4b445441cfb0aa3bb7dff0805960d9cff3911c3c7b2ecacc42,492,0xa8303a154491ebaf93d78af24efe75f656f1045197b3f9c294a329fbeb532258,2,0xBedf3Cf16ba1FcE6c3B751903Cf77E51d51E05b8,0x95730d3e374b5e1f5b550af059af86d23fea79e3,0,1132246,87824249810,0,1,,673760,transaction,5.91724665519856e+16
13356647,1633404925,0x0961491ede71abafc7f5a47243fbca49ae4005974e69e2ef64bbdb49c194751c,493,0xb02889a72d18e9300a8551168f6daa77c037d0279b0a3b929b28580dfcc5a3a5,3,0xBedf3Cf16ba1FcE6c3B751903Cf77E51d51E05b8,0xb71252d990483079ccf76a85b623059b5e33d3db,0,1099731,84850534040,0,1,,631302,transaction,5.356631184052008e+16
13367418,1633550218,0x5932058e4140230451b94387794f5507127cab010572fa5cb23ef91c633194d4,494,0xcae91d092a660aadf0647e8fe8baa4ef8a2f9b6c23a9e2405b2d1b67be4e57dd,178,0xBedf3Cf16ba1FcE6c3B751903Cf77E51d51E05b8,0x16388463d60ffe0661cf7f1f31a7d658ac790ff7,0,1000000,96097787993,0,1,,100429,transaction,9651004750348996.0
13375434,1633658402,0x8fb2cc3bc0afb5d0137c2a4f436cb8dcc9c4b216f8e63895f8a09b30e5c7d2df,495,0xe6e7f65be6d02d7a2d28418fe9e17caed3b85e53fad41b972a0c3e8d14f57373,0,0xBedf3Cf16ba1FcE6c3B751903Cf77E51d51E05b8,0x16388463d60ffe0661cf7f1f31a7d658ac790ff7,0,3000000,99277049537,0,1,,1722497,transaction,1.710044199963339e+17
13378837,1633704766,0x5d233c395c96863264ab94db21b40badf4f7b660b6685e4c621559a4215201e2,496,0xf99c4f8e2c2d9c492e30150934dfe681d5dcaca94bb7603537dc3405fd39caac,20,0xBedf3Cf16ba1FcE6c3B751903Cf77E51d51E05b8,0x16388463d60ffe0661cf7f1f31a7d658ac790ff7,0,3000000,144604963970,0,1,,1495903,transaction,2.163149994176149e+17
13381883,1633746146,0x456754284feb8e8a458905e6ce416d94e85dc4d3e26050250bd0c199c5a981ec,497,0x95cb18ec3be2e932c96249745d79d352f1d92fee5a564f793cca73e4d338d781,174,0xBedf3Cf16ba1FcE6c3B751903Cf77E51d51E05b8,0x9a5afc29186b5d27f12f8ce6fe9e6bd2cbb2bcdc,0,826072,75000000000,0,1,,510214,transaction,3.826605e+16
13381883,1633746146,0xc7adb002a699b20a48210c7134ec68792a0581e3cb0097a02487c3f55cef1988,498,0x95cb18ec3be2e932c96249745d79d352f1d92fee5a564f793cca73e4d338d781,177,0xBedf3Cf16ba1FcE6c3B751903Cf77E51d51E05b8,0x95730d3e374b5e1f5b550af059af86d23fea79e3,0,450450,75000000000,0,1,,263712,transaction,1.97784e+16
13386231,1633805376,0x02ba4cf78b69ff4524c909d3ed360db115116f10d705798678c840b923b20436,499,0x9c1952bb3f292dc74134ea5067adea00deff8e9f316ef0326d6f3e9938fe3285,150,0xBedf3Cf16ba1FcE6c3B751903Cf77E51d51E05b8,0x16388463d60ffe0661cf7f1f31a7d658ac790ff7,0,2000000,64400953587,0,1,,118330,transaction,7620564837949710.0
13386929,1633814592,0xebfb3965044acad1e6348533a5cd5cb4b64e664f7dd294587a4885b200a14513,500,0x2195db28e7a062be97b03755a084fffb880f7197b59a751d210a60bcb802061c,0,0xBedf3Cf16ba1FcE6c3B751903Cf77E51d51E05b8,0x16388463d60ffe0661cf7f1f31a7d658ac790ff7,0,3000000,74778159448,0,1,,1611146,transaction,1.2047853248200741e+17
13392946,1633896451,0xb98de43dfab6855ee17e6a28db8196eb88b60e78496239ed063bb2dd790d5a3d,501,0x3d97d283910414314ff9f93f34faadf03ceed16337e2d898ed3c0c7045763d89,2,0xBedf3Cf16ba1FcE6c3B751903Cf77E51d51E05b8,0x16388463d60ffe0661cf7f1f31a7d658ac790ff7,0,4000000,94477331911,0,1,,2169114,transaction,2.0493210333079686e+17
13397645,1633960234,0x0c4da4113109325a156c54e7f170685e8fb61194758ea836b47ec0da89061acd,502,0xcf39ddfa2d2f35c13a2edb93cd467a5cfd30080d9b83fb4eca7904aa531e5757,1,0xBedf3Cf16ba1FcE6c3B751903Cf77E51d51E05b8,0xa2a182c5b5ea1a3c90cb5bb718f9e62dbe052927,0,1061380,79345760730,0,1,,627347,transaction,4.977732495668331e+16
13397657,1633960367,0x3c7e8aa53e123db7a451f06f55b771d4fbb709e8652a363c77ff13279b6b9dc0,503,0xd1d702f9bb89b9d59880521c9cc0aabf8e0bd64f054371bd2e0e950a54e98afc,0,0xBedf3Cf16ba1FcE6c3B751903Cf77E51d51E05b8,0xb71252d990483079ccf76a85b623059b5e33d3db,0,1076721,78391655405,0,1,,616202,transaction,4.830509484387181e+16
13397733,1633961350,0x161bdbf67809e2ba2deeae04e178a705eb58a31b568a41b6214b5d36d5b5f500,504,0xf3c025f3619fabe510e5c8595917f07634165c79ce14ac5357b24d0de4a041a4,3,0xBedf3Cf16ba1FcE6c3B751903Cf77E51d51E05b8,0x29d23b73dd0ed729f516bb55622765af102f0e33,0,1336168,79033372747,0,1,,786464,transaction,6.215690246409661e+16
13397747,1633961463,0x8d3e787c7624a07cd825124a9ccafd57af1893a63f31371ea97e68cf79c9bccd,505,0xd973bcbb632d6448507c01b2a40c1f9b7f9f6f3ef38b00aedb18180d8fc91a7b,2,0xBedf3Cf16ba1FcE6c3B751903Cf77E51d51E05b8,0x9a5afc29186b5d27f12f8ce6fe9e6bd2cbb2bcdc,0,1583751,78356280722,0,1,,948940,transaction,7.435540902833469e+16
13398602,1633972725,0x10e82cd8306df262febf5b4579e94aed91a09c559f921f0a1f9e78b93b5d18b0,506,0x9ce584c80cdf3875ddcdb43e1f115f7ef15cc68f2b6f72caeb583b4b51a35dd8,0,0xBedf3Cf16ba1FcE6c3B751903Cf77E51d51E05b8,0x16388463d60ffe0661cf7f1f31a7d658ac790ff7,0,2000000,220000000000,0,1,,1245203,transaction,2.7394466e+17
13404229,1634049827,0x7f1fd430189104b2cabd9114a0bdca77521983fed6acb2a397b22f6444f53eb4,507,0xd1febed0b70faa42fdf4ebb2d2a57c1460d2d37d796f9c77a0f01be02c44948b,2,0xBedf3Cf16ba1FcE6c3B751903Cf77E51d51E05b8,0x95730d3e374b5e1f5b550af059af86d23fea79e3,0,1116690,121105524127,0,1,,642432,transaction,7.780206407595686e+16
13410085,1634129395,0x766a168897bf04c84e16899b1b4c2e91441f00bdf529ac7542b0501e5365cbc4,508,0x30501a9a0d2f496995c9cd5db6b569f6ffd7049e0af7c4175357bfc673bbeb01,57,0xBedf3Cf16ba1FcE6c3B751903Cf77E51d51E05b8,0xbedf3cf16ba1fce6c3b751903cf77e51d51e05b8,0,342049,73892538770,0,1,,21000,transaction,1551743314170000.0
13410091,1634129447,0xad7cab3cc8e8d815c5ae7e62385e5c13f9bfbac4a8d317a54785c1f314cdf2ad,509,0xff23e14dbdc5f822919058c58d336b593182815fb854f573bab6afe53deb7d6a,61,0xBedf3Cf16ba1FcE6c3B751903Cf77E51d51E05b8,0xb71252d990483079ccf76a85b623059b5e33d3db,0,466245,63670071455,0,1,,274077,transaction,1.7450502174172036e+16
13410299,1634132330,0x3b38b85bd39f86ab38753f7e10cd59002033de6f5df9c1a7ca5e32c71d8b80bc,510,0x88258a485c192fee855a3c63e38912e5ae3cb765f79a80bb895217e12035bd5b,162,0xBedf3Cf16ba1FcE6c3B751903Cf77E51d51E05b8,0x9a5afc29186b5d27f12f8ce6fe9e6bd2cbb2bcdc,0,800016,61505954237,0,1,,493114,transaction,3.0329447117624016e+16
13411145,1634143985,0x459e1d02e71802331af55287c8cf45a45616204d5b965c7ce1f613d617bb0081,511,0x668f475aff94ad2bd5caef75c209594a0831164ff05a23ca4262ec3d1af15b03,2,0xBedf3Cf16ba1FcE6c3B751903Cf77E51d51E05b8,0x16388463d60ffe0661cf7f1f31a7d658ac790ff7,0,3000000,144859722934,0,1,,1296654,transaction,1.8783293918126285e+17
13411155,1634144112,0x7fb58cac997c7ae72df74606b09708a14166d25c1ba66a455a23110ac6ca5005,512,0xa6d61f6920d0351e93b9229c38491766d72b6cf259b0e7f6ac9e53140a54319f,207,0xBedf3Cf16ba1FcE6c3B751903Cf77E51d51E05b8,0xbedf3cf16ba1fce6c3b751903cf77e51d51e05b8,0,21000,118366058986,0,1,,21000,transaction,2485687238706000.0
13435827,1634479139,0xa8470b4750e52818b52a6b67325368ea6f6d44eb35eeb25abcbfda39de90e705,513,0x65ac63d22895809d9229ca3153ec6350ae5b812d1c87082f3f8b1405968973f7,285,0xBedf3Cf16ba1FcE6c3B751903Cf77E51d51E05b8,0x9a5afc29186b5d27f12f8ce6fe9e6bd2cbb2bcdc,0,795748,57576763839,0,1,,495114,transaction,2.850706185138265e+16
13435827,1634479139,0xfe480c7e43b56e4c66884e7b492c211d5ae75c7b30561bc1a1dce22a19dbef98,514,0x65ac63d22895809d9229ca3153ec6350ae5b812d1c87082f3f8b1405968973f7,286,0xBedf3Cf16ba1FcE6c3B751903Cf77E51d51E05b8,0x95730d3e374b5e1f5b550af059af86d23fea79e3,0,450450,57576763839,0,1,,263712,transaction,1.5183683545510368e+16
13435830,1634479175,0x0dee62157eb14922bd32c5acb5a546eaa97faac124343b2f6891f3a955665a27,515,0x646554e5e885be1265ef1141d092a2a3df515c46c18b15aed9ff9e14f5f45236,137,0xBedf3Cf16ba1FcE6c3B751903Cf77E51d51E05b8,0xa2a182c5b5ea1a3c90cb5bb718f9e62dbe052927,0,424245,57675569645,0,1,,250530,transaction,1.444946046316185e+16
13439007,1634521821,0xc382c7477e85939e59a3e8c2988ad8199440d09803336c8ebf2a63b06ae77ba3,516,0x99022ff87d70e59181e0fc34a144468d56454464f8206aa13b5aeb783ba8c27b,0,0xBedf3Cf16ba1FcE6c3B751903Cf77E51d51E05b8,0x16388463d60ffe0661cf7f1f31a7d658ac790ff7,0,3000000,115767691155,0,1,,1287734,transaction,1.4907799200179277e+17
13443779,1634586766,0x48b3f7b7f04c31f5020399c47ec52ade4d07d9c3e031221f824f24047b65f280,517,0x39f891bbacd69477a4ff2afc31c7b84e67daaebf6abef72cc6641da64dec6545,3,0xBedf3Cf16ba1FcE6c3B751903Cf77E51d51E05b8,0x16388463d60ffe0661cf7f1f31a7d658ac790ff7,0,3000000,113168693715,0,1,,1685768,transaction,1.9077616246654813e+17
13443807,1634587123,0xf2ebbe59b3d9ba43997bf357a595e03e4cff240c37428dbf1e7ac712498a0fb2,518,0x3394043b0a0a7ef059672c43f299b34e742f1ff3ee0935f4db75382c59c16c88,20,0xBedf3Cf16ba1FcE6c3B751903Cf77E51d51E05b8,0x16388463d60ffe0661cf7f1f31a7d658ac790ff7,0,1000000,86073176351,0,1,,177266,transaction,1.5257847679036366e+16
13443830,1634587360,0x5736a42ace15f1de901b84711b1e696aca01f94e35decbb27fada1fbe1e04a3f,519,0xefd901451a4bb5997191e910db905dbdc740c3aec50010d2d1f0ee5b1401fe63,13,0xBedf3Cf16ba1FcE6c3B751903Cf77E51d51E05b8,0xa2a182c5b5ea1a3c90cb5bb718f9e62dbe052927,0,960810,79636392263,0,1,,530540,transaction,4.225029155121202e+16
13443873,1634587974,0x87149c5dfb46e4f6ddd333538e60c964496baefa28f5c2405ea55a313111a738,520,0xc3f53e04fe23241b4ceb8d46b85915cc2468914107e6a3ca4d9cb46494845597,3,0xBedf3Cf16ba1FcE6c3B751903Cf77E51d51E05b8,0xb71252d990483079ccf76a85b623059b5e33d3db,0,990310,143044114436,0,1,,540295,transaction,7.728601980919862e+16
13443919,1634588543,0x6ef834dc1566abdc0276cb4dee874aabc01bd16326aa640cae4080976a2491f4,521,0x3ace767923e54dc2db672646f717e77cc11d7583c35017d48023be09abb15130,2,0xBedf3Cf16ba1FcE6c3B751903Cf77E51d51E05b8,0x29d23b73dd0ed729f516bb55622765af102f0e33,0,1171213,96344380401,0,1,,663813,transaction,6.3954652187129016e+16
13445583,1634611431,0x8084d1ddef3d7bde923e18e70982bf0ea06966df369be96c98e50c23f214cfb1,522,0xcb3fc7b9ebf03ce48dfa40f1741913435715b6c41da8cc65e8632ff72bd169f3,3,0xBedf3Cf16ba1FcE6c3B751903Cf77E51d51E05b8,0x95730d3e374b5e1f5b550af059af86d23fea79e3,0,985005,59948162118,0,1,,547373,transaction,3.2814005343016016e+16
13445604,1634611664,0x4e8c2b095b069928e13a59fe5f8f992f43803b033fad7d0b8107657da14d7690,523,0x13dfeff3961aafb92ed9d0f957322f0c9f25d5968e05bf71deb3106cc2555dfd,2,0xBedf3Cf16ba1FcE6c3B751903Cf77E51d51E05b8,0x9a5afc29186b5d27f12f8ce6fe9e6bd2cbb2bcdc,0,1466529,60615383918,0,1,,852813,transaction,5.1693587405261336e+16
13462412,1634837859,0x6ad78a94525fce88798be3069d4d45898afe8b0ad3d81b4dd7cfb3c6e41e240d,524,0x4407a59a9e5b9e87165dbe5e10db117b86222779fda201fc3c4196df80311fdb,0,0xBedf3Cf16ba1FcE6c3B751903Cf77E51d51E05b8,0x16388463d60ffe0661cf7f1f31a7d658ac790ff7,0,120693,104014139652,0,1,,119395,transaction,1.241876820375054e+16
13463156,1634848192,0x4699d480c5cae836c9a1f3f222581b2a69da76b7978ce8eed7189af5286369a1,525,0x37b1bfc8c753494cfe27b18232b2ae19670468cc25a5dbc5eb8e9210a4f9720d,1,0xBedf3Cf16ba1FcE6c3B751903Cf77E51d51E05b8,0x16388463d60ffe0661cf7f1f31a7d658ac790ff7,0,1000000,104417878342,0,1,,84112,transaction,8782796583102304.0
13463332,1634850577,0x4112a811d0c9ea1dcc6cb2885419ecf69e7fabdbc9744f6b0cdd68b09ce51199,526,0x54f585e4c068b875447cabd84373fcf2eff371a952f0b9d9985edc29a953e78b,1,0xBedf3Cf16ba1FcE6c3B751903Cf77E51d51E05b8,0x16388463d60ffe0661cf7f1f31a7d658ac790ff7,0,4715024,122283749045,0,1,,3637996,transaction,4.448677898907138e+17
13470979,1634952812,0x673224f5e177f4ee4995953e7b205a1aa2d63e40b73202c05a0b423722c91e2d,527,0x74731f8408f9723b99e9069c93158a26c754d2ff7813132a3bc972710a600879,104,0xBedf3Cf16ba1FcE6c3B751903Cf77E51d51E05b8,,0,5185981,56170227793,0,1,0x81329ecb1ab448dacf6b9ae696a097f790898899,5185981,transaction,2.912977341001699e+17
13475418,1635013645,0x8948f895b13ad0cb7f48c05914fcb8bdd31ef0e906939c3121a24e4efd7e939a,528,0xb48d316a973b8e73208c0dd047a256a76035b7fb16a7145716a1ad17786c4950,4,0xBedf3Cf16ba1FcE6c3B751903Cf77E51d51E05b8,0x16388463d60ffe0661cf7f1f31a7d658ac790ff7,0,3220142,54130213972,0,1,,2476972,transaction,1.3407902436265278e+17
13481127,1635091348,0xbbc5cdb04d0861e8c571b0374937dca142c844b9e636cfdb4e2ab4178c4ae37f,529,0xb95493708d1592643f2dedde47a7f76368f2fe001b75a644fd330d573f4ba782,29,0xBedf3Cf16ba1FcE6c3B751903Cf77E51d51E05b8,0x92be6adb6a12da0ca607f9d87db2f9978cd6ec3e,10000000000000000,637581,108965080295,0,1,,463696,transaction,5.052667187247032e+16
13482840,1635114539,0x23fea673d363d88a9f5a6c21cca5e3a70b7c544f2ee8620287a3fbc70d9f3ee3,530,0xfa87a4136b5619aee393cd3d22f7144e45704cf5f46442a47fdf8e2b332d656c,3,0xBedf3Cf16ba1FcE6c3B751903Cf77E51d51E05b8,0x16388463d60ffe0661cf7f1f31a7d658ac790ff7,0,1839085,96658207765,0,1,,1414011,transaction,1.3667576901999541e+17
13483614,1635124969,0x1a5927ffd01816997eedca78ff913b16ea69132f29b235b89940ea9224f81cb5,531,0xb285f0e69427298b0845539d47c7b0de5f1b73addd12321e83835aefcfb12929,145,0xBedf3Cf16ba1FcE6c3B751903Cf77E51d51E05b8,0x16388463d60ffe0661cf7f1f31a7d658ac790ff7,0,2010716,73496593405,0,1,,1792738,transaction,1.317601358676929e+17
13487143,1635172142,0x6dbdf3909a7dbaf685c11e033929b193bf6b34261dfe0e92f36aa1585c6b6ec2,532,0xad0d78a33d2fabd9c54452a493a50706e6e986eb2c76c61f61ed354b671a2ab3,0,0xBedf3Cf16ba1FcE6c3B751903Cf77E51d51E05b8,0x16388463d60ffe0661cf7f1f31a7d658ac790ff7,0,10000000,96415892348,0,1,,5737183,transaction,5.531556185087757e+17
13510052,1635482315,0xfd4fd0b9080723aedeeb9ac6f4e2a73bfa572cc901a20823bc463d0fbbdde432,533,0x711ef06cb7a28b4deb06b9ee1d5e5dbe954f44d315d4091423cff8c6096ef419,151,0xBedf3Cf16ba1FcE6c3B751903Cf77E51d51E05b8,0x16388463d60ffe0661cf7f1f31a7d658ac790ff7,0,5000000,108695002127,0,1,,3338967,transaction,3.629290251669828e+17
13510052,1635482315,0xbede75ad3b862f53fc1e6e40948b13bdea387938ea38f0b1596dbaec6eb57c22,534,0x711ef06cb7a28b4deb06b9ee1d5e5dbe954f44d315d4091423cff8c6096ef419,160,0xBedf3Cf16ba1FcE6c3B751903Cf77E51d51E05b8,0x3280499298ace3fd3cd9c2558e9e8746ace3e52d,0,459924,108695002127,0,1,,299979,transaction,3.2606218043055332e+16
13512538,1635516917,0xa81aa83964e0897f0977a549d19fd6a6a465d9bbe6643b79ff33061ce6bfcb73,535,0x35be3d3ed2d4b42b14f3d82493addcc3eb9c835743e06d54a5082a074a36af73,328,0xBedf3Cf16ba1FcE6c3B751903Cf77E51d51E05b8,0x7f26cd6a19230c1531e9f9a3dff25d393f15ab64,0,476410,184947985581,0,1,,315230,transaction,5.830115349469863e+16
13515274,1635552991,0x1f34b5403b34b062a5f28a30bc9581cdd8414cae9f89dfd0873562684fe57dbf,536,0x16fb739019b87d6b47303930576ca60e706f63469c2a64546fbe6d840688df1a,80,0xBedf3Cf16ba1FcE6c3B751903Cf77E51d51E05b8,0x16388463d60ffe0661cf7f1f31a7d658ac790ff7,0,2000000,135468813112,0,1,,894200,transaction,1.211362126847504e+17
13515423,1635555092,0x3581f5ee515aff179b3f2473cb19496fce3f44e3ae4830548d6305d6efb2a8bb,537,0x97cc9aa5f89fef2384dae0d77e236622ef95cdc00ccfc3a8d2c19260a731b9cb,6,0xBedf3Cf16ba1FcE6c3B751903Cf77E51d51E05b8,0x16388463d60ffe0661cf7f1f31a7d658ac790ff7,0,4000000,143971454019,0,1,,2900344,transaction,4.1756674283528256e+17
13521981,1635644737,0x3dea37b96a27e967a841eaa5290d8978a589444abc6222987ffe151617238ace,538,0xc2a9f87c2116bef3757b8a6444ac84ea3c2b7ff742d5c95cea00a8f13c96a035,6,0xBedf3Cf16ba1FcE6c3B751903Cf77E51d51E05b8,0x16388463d60ffe0661cf7f1f31a7d658ac790ff7,0,2000000,180994952955,0,1,,1206738,transaction,2.1841348753901078e+17
13522005,1635645097,0x13843131a858578fc0aa57d61d56d208457f4548515db721655661e2d957c492,539,0xd764d4eeebdce2883a9295992110702f716713320722ae17573a668ff463e2ed,146,0xBedf3Cf16ba1FcE6c3B751903Cf77E51d51E05b8,0x16388463d60ffe0661cf7f1f31a7d658ac790ff7,0,3000000,140000000000,0,1,,1471380,transaction,2.059932e+17
13526716,1635709415,0xeb08d45db09c45e7d9460325f620d883925e2f3864fda4e6585ded8df52a7c6e,540,0xe56f77aa33f74b840c3e03da5dce5cfd1561fd450feb254aed39c14866fe4ce3,82,0xBedf3Cf16ba1FcE6c3B751903Cf77E51d51E05b8,0x16388463d60ffe0661cf7f1f31a7d658ac790ff7,0,2600000,147857170302,0,1,,1902868,transaction,2.8135267793822614e+17
13526967,1635712803,0xa1cd4fbf2a8c4cbd7afb9613d056ad81cd61d68cc7159cf9bd8c065c56923c3a,541,0x50cc5591d85b6525243a5069e45240688d3888438865cfce9e3c7789c448f001,0,0xBedf3Cf16ba1FcE6c3B751903Cf77E51d51E05b8,0x16388463d60ffe0661cf7f1f31a7d658ac790ff7,0,1700000,159217485953,0,1,,1167619,transaction,1.859053617309559e+17
13527296,1635716964,0x077ca509b7b72382c2f508c79c23b112c1d63cb983c1e47ec6adf5e7694a659a,542,0x9feecaa72a16b149b81df3c4b01f55e4ef574e24cd8940b39add13a0f2324990,36,0xBedf3Cf16ba1FcE6c3B751903Cf77E51d51E05b8,0x16388463d60ffe0661cf7f1f31a7d658ac790ff7,0,5500000,156059485276,0,1,,4147638,transaction,6.472782513911781e+17
13528619,1635734896,0xaf4eefa14b084d71561e9fab7f28aa038f5f797fe05ae152125be84e69ac29e0,543,0xbe0a076c569d6837a4172cb6036e3dcbcaf7f16f6c55813ba0b9dd7cd58d906d,1,0xBedf3Cf16ba1FcE6c3B751903Cf77E51d51E05b8,0x16388463d60ffe0661cf7f1f31a7d658ac790ff7,0,1500000,140639799379,0,1,,777007,transaction,1.0927810859607866e+17
13528641,1635735247,0x160b2e2df0e1a5674f1fb2a020842f1c515536215e4b4c5a57b58e9c47fdcf74,544,0x7e29c121280dfff791341a0204ccff71ded42e3a09deac00416594239be2f107,344,0xBedf3Cf16ba1FcE6c3B751903Cf77E51d51E05b8,0x16388463d60ffe0661cf7f1f31a7d658ac790ff7,0,123369,130000000000,0,1,,77917,transaction,1.012921e+16
,,,,,,,,,,,,,,,,-3.183471810506358e+18
